play,author,year,subtitle,score
adolph-am-ersten-mai,Adolph,1919,Eine Tragikomödie der Arbeit aus Friedenstagen,0.4098807852360572
alberti-brot,Alberti,1888,Ein soziales Schauspiel in fünf Akten,-0.10388369451302158
alberti-im-suff,Alberti,1890,Naturalistische Spital-Katastrophe in zwei Vorgängen und einem Nachgang,0.11908148843342435
albrecht-theresgen,Albrecht,1781,"Ein Schauspiel mit Gesang, in fünf Aufzügen",-0.025278341729585915
alexander-die-verpfaendung,Alexander,1779,Ein Schauspiel in einem Aufzuge,0.06280002577828152
anonym-das-ehrenmaal-des-patrioten,(Anonym),1774,Singspiel,-0.37473846692519147
anonym-das-lustlager,(Anonym),1778,Schauspiel in einer Handlung,0.11029964027084173
anonym-das-muenchner-spiel-vom-sterbenden-menschen,(Anonym),1510,,-0.05202311373356676
anonym-das-urtheil-des-paris,(Anonym),1752,Ein Musicalisches Schäfer-Spiel in einer Handlung,-0.06725700443430944
anonym-der-gerettete-selbstmoerder,(Anonym),1783,Ein Schauspiel einem Aufzuge,-0.036382049074023017
anonym-die-gedruckten-theater-regeln,(Anonym),1779,Ein höchst nöthiger Versuch in einem Aufzuge von ***,0.11414165720774469
anonym-die-gespenster,(Anonym),1770,Funfzehntes Sprüchwort,0.08535437547371248
anonym-die-glueckliche-ueberschwemmung,(Anonym),1799,Ein ländliches Schauspiel in einem Aufzuge,0.036346543153634996
anonym-die-grands-von-frankreich-in-ihrer-wahren-gestalt,(Anonym),1814,Ein Banditenspiel in einem Act,-0.12707456869187758
anonym-die-mainzer-illuminaten,(Anonym),1793,Ein tragi-komisches Schauspiel in hundert Aufzügen,0.06963646681121916
anzengruber-das-vierte-gebot,Anzengruber,1877,Volksstück in vier Akten,0.14828697558656748
anzengruber-der-meineidbauer,Anzengruber,1871,Volksstück mit Gesang in drei Akten,0.1553310502312812
anzengruber-der-pfarrer-von-kirchfeld,Anzengruber,1870,Volksstück mit Gesang in vier Akten,0.11583856808694265
arnim-das-loch,Arnim,1811,Ein Schattenspiel,-0.056900987029892505
arnim-halle,Arnim,1811,Ein Studentenspiel in drei Aufzügen,-0.05547477588314908
arnim-jerusalem,Arnim,1811,Ein Pilgerabenteuer,-0.12127708280394968
arnim-marino-caboga,Arnim,1826,Dramatische Erzählung in drei Handlungen,-0.12588406876990565
auffenberg-der-loewe-von-kurdistan,Auffenberg,1826,Ein romantisches Schauspiel in fünf Acten. Nach W. Scott's Talisman bearbeitet,-0.1848889908150103
avenarius-faust,Avenarius,1919,Ein Spiel,-0.12368402806488606
babo-arno,Babo,1776,Ein militärisches Drama in zween Aufzügen,-0.03088352143787351
baeuerle-doktor-fausts-mantel,Bäuerle,1817,Ein Zauberspiel mit Gesang in zwey Acten,0.049765072491107794
ball-die-nase-des-michelangelo,Ball,1911,Tragikomödie,-0.10894191471666693
barlach-der-blaue-boll,Barlach,1926,Drama,0.0710723513079022
benedix-das-bemooste-haupt,Benedix,1839,Schauspiel in vier Aufzügen,0.07040650008396798
benedix-johanna-sebus,Benedix,1835,Drama in 1 Akt,-0.024912692926615035
benedix-unerschuetterlich,Benedix,1847,Vorspiel in einem Aufzuge,0.10137314128544252
benkowitz-die-jubelfeier-der-hoelle,Benkowitz,1801,Ein Drama zum Anfang des neunzehnten Jahrhunderts,-0.0531234998576088
berg-kalisch-berlin-wie-es-weint-und-lacht,Berg,1858,Volksstück mit Gesang in 3 Aufzügen und 11 Bildern,0.09351776277366185
bernard-faust,Bernard,1816,Große romantische Oper in drei Akten,-0.17599098494061965
bierbaum-stella-und-antonie,Bierbaum,1903,Schauspiel in vier Aufzügen,0.0174265988921996
birch-pfeiffer-die-grille,Birch-Pfeiffer,1856,Ländliches Charakterbild in fünf Aufzügen. Mit teilweiser Benutzung einer Erzählung der George Sand,0.03093504822830898
birch-pfeiffer-die-walpurgisnacht,Birch-Pfeiffer,1830,Dramatisches Volksmärchen in vier Acten,-0.0024849297501759156
birch-pfeiffer-in-der-heimath,Birch-Pfeiffer,1865,Original-Schauspiel in fünf Acten,0.044895508761192436
birch-pfeiffer-johannes-gutenberg,Birch-Pfeiffer,1835,Original-Schauspiel in drei Abtheilungen,-0.10014471557640264
birch-pfeiffer-mutter-und-tochter,Birch-Pfeiffer,1844,Original-Schauspiel in vier Acten,0.06251186239839539
birch-pfeiffer-pfeffer-roesel,Birch-Pfeiffer,1829,Schauspiel in fünf Aufzügen,-0.08031447535459933
bodmer-odoardo-galotti-vater-der-emilia,Bodmer,1778,Ein Pendant zu Emilia. In einem Aufzuge und Epilogus zur Emilia Galotti,-0.06488216016224584
borchert-draussen-vor-der-tuer,Borchert,1947,"Ein Stück, das kein Theater spielen und kein Publikum sehen will",0.04113098242901774
bossdorf-bahnmeister-dood,Boßdorf,1919,En nedderdüütsch Drama in fief Akten,0.4598769851762329
brandes-ariadne-auf-naxos,Brandes,1775,Ein Duodrama mit Musick,-0.2819108901705707
brandes-ino,Brandes,1779,Ein Melodrama,-0.30904566422901497
braun-von-braunthal-das-nachtlager-von-granada,Braun von Braunthal,1834,Romantische Oper in zwei Aufzügen,-0.17922423310647428
brentano-die-gruendung-prags,Brentano,1814,Ein historisch-romantisches Drama,-0.220181939511851
bretzner-belmont-und-constanze,Bretzner,1781,Eine Operette in drey Akten,-0.025498174247521824
buechner-dantons-tod,Büchner,1835,Ein Drama,-0.0265060469815568
buechner-woyzeck,Büchner,1837,Ein Drama,0.03293304441808328
bueschel-die-neue-messaline,Büschel,1786,Trauerspiel in einem Akt,-0.04202009691523141
bueschel-julus-und-rhea,Büschel,1779,Ein musikalisches Drama in einem Akt,-0.222644709997207
bunge-der-trompeter-von-saekkingen,Bunge,1884,"Oper in 3 Akten, nebst einem Vorspiel",-0.08271006337777359
busoni-doktor-faust,Busoni,1920,,-0.1251389189419903
busoni-turandot,Busoni,1917,Eine chinesische Fabel nach Gozzi in zwei Akten,-0.10241516770828371
chezy-euryanthe,Chézy,1823,Romantische Oper in drei Aufzügen,-0.2858899549602935
chlumberg-die-fuehrer,Chlumberg,1919,Ein Schauspiel in vier Akten und einem Vorspiel,0.09987856682346449
chlumberg-wunder-um-verdun,Chlumberg,1930,Dreizehn Bilder,-0.00717634414733633
cornelius-der-barbier-von-bagdad,Cornelius,1858,Komische Oper in zwei Aufzügen,-0.1795488085166898
dauthendey-die-spielereien-einer-kaiserin,Dauthendey,1910,"Drama in vier Akten, einem Vorspiel und einem Epilog",-0.07432301889320624
dehmel-die-menschenfreunde,Dehmel,1917,Drama in drei Akten,0.04903163846104349
dery-die-selige-insel,Déry,1897,Dramatisches Idyll,-0.16823131579054354
devrient-hans-heiling,Devrient,1833,Romantische Oper in drei Aufzügen und einem Vorspiel,-0.11073190362760572
dobruska-die-zwo-amaryllen,Dobruska,1774,Ein Schäferspiel in einem Aufzuge,-0.06136435705823178
dovsky-mona-lisa,Dovsky,1915,Oper in zwei Akten,-0.08777237177762363
ebner-eschenbach-am-ende,Ebner-Eschenbach,1897,Scene in einem Aufzug,0.09464906525370884
ebner-eschenbach-bettelbriefe,Ebner-Eschenbach,1891,Ein Zweigespräch,0.07492384846997138
ebner-eschenbach-das-gestaendnis,Ebner-Eschenbach,1867,Drama in vier Aufzügen,0.03948168785008031
ebner-eschenbach-die-schauspielerin,Ebner-Eschenbach,1861,Drama in drei Aufzügen,0.01697347630931588
ebner-eschenbach-doctor-ritter,Ebner-Eschenbach,1869,Dramatisches Gedicht in 1 Aufzuge,-0.06514138330115851
ebner-eschenbach-es-wandelt-niemand-ungestraft-unter-palmen,Ebner-Eschenbach,1881,Dramatisches Sprichwort,0.061393741894604045
ebner-eschenbach-ihre-schwester,Ebner-Eschenbach,1903,,0.014381073855573235
eichendorff-das-incognito,Eichendorff,1843,Ein Puppenspiel,-0.004623607072670302
engelke-wala,Engelke,1914,,-0.12212517552705048
ernst-die-groesste-suende,Ernst,1895,Drama in 5 Akten,0.10113831188002093
ertler-anna-iwanowna,Ertler,1920,Ein Schauspiel in drei Akten und einem Vorspiel als Oper vertont von Konrad Steckl,-0.02985984432613835
ertler-belian-und-marpalye,Ertler,1924,Ein Traumspiel,-0.11881648685680939
ertler-das-spiel-von-doktor-faust,Ertler,1923,Ein deutsches Stück im Volkston in einem Vorspiel und drei Akten,-0.028581402575397916
fock-cili-cohrs,Fock,1914,Irnsthaftig Spill,0.25231426475494756
fouque-aslauga,Fouqué,1810,Ein Heldenspiel in drei Abentheuren,-0.13126039356447253
fouque-sigurd-der-schlangentoedter,Fouqué,1808,Ein Heldenspiel in sechs Abentheuren,-0.1506178239849294
fouque-sigurds-rache,Fouqué,1810,Ein Heldenspiel in sechs Abentheuren,-0.15472781825378276
frech-von-ehrimfeld-die-gefahr,Frech,1804,Eine dramatische Situation,0.1111511832472084
freisleben-der-weihnachtstag,Freisleben,1827,Drama in Einem Aufzuge. Bearbeitet nach einer Schreckensscene aus der wirklichen Welt,-0.22495475103889606
freytag-graf-waldemar,Freytag,1848,Schauspiel in fünf Akten,0.016493364520191373
ganghofer-der-herrgottschnitzer-von-ammergau,Ganghofer,1880,Volksschauspiel in 5 Aufzügen,0.3662966260706375
gasser-ramirus,Sager,1775,in einem Aufzuge,-0.01840143154812169
gehe-jessonda,Gehe,1828,Oper in drei Aufzügen,-0.29503460331000747
gellert-das-band,Gellert,1744,Ein Schäferspiel in einem Aufzuge,0.012055152774048434
gemmingen-hornberg-der-deutsche-hausvater,Gemmingen-Hornberg,1779,Ein Schauspiel,0.0749089787130756
gennep-homulus,Gennep,1539,Geistliches Schauspiel,-0.051172740383315006
georg-von-preussen-sappho,Preußen,1887,Drama in einem Aufzuge,-0.17663433108515014
gessner-evander-und-alcimna,Gessner,1762,Ein Schæferspiel,0.03784276849320572
glassbrenner-die-juengste-walpurgisnacht,Glaßbrenner,1844,,-0.08161819029963986
gleich-der-eheteufel-auf-reisen,Gleich,1821,Lokales Zauberspiel mit Gesang in zwei Aufzügen,0.14874330526083832
goethe-der-triumph-der-empfindsamkeit,Goethe,1778,Eine dramatische Grille,-0.022363511396635057
goethe-des-epimenides-erwachen,Goethe,1815,Ein Festspiel,-0.16873647838435885
goethe-die-laune-des-verliebten,Goethe,1768,Ein Schäferspiel in Versen und einem Akte,-0.06933662816923575
goethe-erwin-und-elmire,Goethe,1775,Ein Schauspiel mit Gesang,-0.04417216675380957
goethe-faust-in-urspruenglicher-gestalt,Goethe,1775,,-0.08694473191807137
goethe-goetter-helden-und-wieland,Goethe,1774,Eine Farce,-0.033078508665201636
goethe-goetz-von-berlichingen-mit-der-eisernen-hand,Goethe,1773,Ein Schauspiel,-0.051739580356763404
goethe-iphigenie-auf-tauris,Goethe,1787,Ein Schauspiel,-0.2332759195348422
goethe-pandora,Goethe,1810,Ein Festspiel,-0.19554787388373068
goethe-proserpina,Goethe,1778,Ein Monodrama,-0.22277923551840054
goethe-satyros,Goethe,1773,Drama,-0.14663031223637543
goethe-stella,Goethe,1776,Ein Schauspiel für Liebende,-0.020545762551483937
goethe-torquato-tasso,Goethe,1790,Ein Schauspiel,-0.11160010840598852
gotter-der-dorfjahrmarkt,Gotter,1775,Eine komische Oper in zwei Aufzügen,0.06648923942711661
gotter-die-geisterinsel,Gotter,1798,Ein Singspiel in drey Akten,-0.1225780496165925
gotter-medea,Gotter,1775,,-0.23569267449131082
gottsched-atalanta,Gottsched,1741,"Ein Schäferspiel, in fünf Aufzügen",-0.01922405441757125
grabbe-die-hermannsschlacht,Grabbe,1838,,-0.07462656854878194
grabbe-hannibal,Grabbe,1835,,-0.10095049860575074
grabbe-napoleon,Grabbe,1831,Ein Drama in fünf Aufzügen,-0.04111510264582806
grillparzer-der-traum-ein-leben,Grillparzer,1834,Dramatisches Märchen in vier Aufzügen,-0.19631720796275767
gronemann-hamans-flucht,Gronemann,1901,"Ein Purimspiel, in fünf Bildern",0.012896017084810503
gruebel-k-und-k-landsturm,Grübel,1930,Erinnerungen an den Doppeladler. Drei Akte,0.09664905497147923
guenderode-der-kanonenschlag,Günderode,1801,Ein heroisches komisches tragisches Schauspiel,-0.005020929932792371
guenderode-magie-und-schicksal,Günderode,1805,Drama in drei Akten,-0.16383702116373508
guenderode-nikator,Günderode,1805,Eine dramatische Skizze in drei Akten,-0.17387032466643007
guenderode-udohla,Günderode,1805,Drama in zwei Akten,-0.17036422769681372
haffner-die-fledermaus,Haffner,1874,Operette in drei Aufzügen,0.09355367930714967
hagemann-ludwig-der-springer,Hagemann,1792,Schauspiel in fünf Aufzügen,-0.06793607462798854
halm-der-sohn-der-wildnis,Halm,1842,Dramatisches Gedicht in fünf Akten,-0.1535406635197562
hasenclever-der-sohn,Hasenclever,1914,Ein Drama in fünf Akten,-0.049351817243332326
hauptmann-carl-die-armseligen-besenbinder,Hauptmann,1913,Altes Märchen in fünf Akten,0.06559697239411788
hauptmann-carl-ephraims-breite,Hauptmann,1900,Schauspiel in fünf Akten,0.3099467719373419
hauptmann-carl-gaukler-tod-und-juwelier,Hauptmann,1917,Spiel in fünf Akten,0.03694783147426434
hauptmann-carl-im-goldenen-tempel-buche-verzeichnet,Hauptmann,1909,(Nach einer japanischen Skizze) / Dichtung in drei Vorgängen / (Hinter Schleiern zu spielen),-0.14345168152035515
hauptmann-carl-musik,Hauptmann,1918,Spiel in vier Akten,-0.06995563355795079
hauptmann-die-ratten,Hauptmann,1911,Berliner Tragikomödie,0.13793050554044614
hauptmann-gabriel-schillings-flucht,Hauptmann,1912,Drama,0.08419382452573365
hauptmann-vor-sonnenaufgang,Hauptmann,1889,Soziales Drama,0.14685837863785633
hebbel-demetrius,Hebbel,1864,,-0.1210373135840576
hebbel-der-gehoernte-siegfried,Hebbel,1861,Vorspiel in einem Akt,-0.1156459291066966
hebbel-trauerspiel-in-sizilien,Hebbel,1847,Tragikomödie in einem Akt,-0.041668352497183425
helldorff-der-zwischenact,Helldorff,1828,Zwischenspiel in 1 Acte,0.04323636183701545
hensel-die-entfuehrung-oder-die-zaertliche-mutter,Hensel,1772,Ein Drama in fünf Aufzügen,0.0929191658108878
hensler-die-teufelsmuehle-am-wienerberg,Hensler,1799,Ein österreichisches Volksmährchen mit Gesang in vier Aufzügen,-0.03090914349583026
herzl-das-neue-ghetto,Herzl,1897,Schauspiel in 4 Acten,0.11495642917189078
heym-atalanta-oder-die-angst,Heym,1911,,-0.16075261552436126
heyse-colberg,Heyse,1865,Historisches Schauspiel in fünf Akten,-0.055641952845281235
hofmannsthal-ariadne-auf-naxos,Hofmannsthal,1912,Oper in einem Aufzuge nebst einem Vorspiel / Neue Bearbeitung,-0.018086119888017484
hofmannsthal-das-bergwerk-zu-falun,Hofmannsthal,1899,,-0.09302658797993898
hofmannsthal-das-salzburger-grosse-welttheater,Hofmannsthal,1922,,-0.0772453578246683
hofmannsthal-der-abenteurer-und-die-saengerin,Hofmannsthal,1899,In einem Aufzug (mit einer Verwandlung),-0.06857544900153781
hofmannsthal-der-rosenkavalier,Hofmannsthal,1911,Komödie für Musik,0.06457148645841831
hofmannsthal-der-tod-des-tizian,Hofmannsthal,1901,Ein dramatisches Fragment,-0.15436644042420603
hofmannsthal-der-tor-und-der-tod,Hofmannsthal,1894,,-0.13065472295838404
hofmannsthal-die-frau-im-fenster,Hofmannsthal,1898,,-0.09356571459161361
hofmannsthal-die-frau-ohne-schatten,Hofmannsthal,1919,Oper in drei Akten,-0.15468119976958758
hofmannsthal-jedermann,Hofmannsthal,1911,Das Spiel vom Sterben des reichen Mannes,-0.06842992309022136
holz-jerschke-traumulus,Holz,1904,Tragische Komödie,0.1197411632721372
holz-schlaf-die-familie-selicke,Holz,1890,Drama in drei Aufzügen,0.1575000804277999
horvath-geschichten-aus-dem-wiener-wald,Horváth,1931,Volksstück in drei Teilen,0.0908021396755728
horvath-kasimir-und-karoline,Horváth,1932,Volksstück,0.10673278834694401
iffland-das-erbtheil-des-vaters,Iffland,1802,Ein Schauspiel in vier Aufzügen,0.08867469617541965
iffland-der-spieler,Iffland,1796,Ein Schauspiel in fünf Aufzügen,0.08602148850621705
iffland-die-jaeger,Iffland,1785,Ein ländliches Sittengemälde in fünf Aufzügen,0.10240023404916274
iffland-liebe-und-wille,Iffland,1814,Ein ländliches Gespräch in einer Handlung,-0.022474509046341545
iffland-verbrechen-aus-ehrsucht,Iffland,1784,Ein Familiengemälde in fünf Aufzügen,0.06426167564617627
immermann-die-bojaren,Immermann,1832,Schauspiel,-0.1475441213691627
immermann-eudoxia,Immermann,1832,Ein Epilog,-0.20129437955624563
immermann-merlin,Immermann,1832,Eine Mythe,-0.1703502209641746
kafka-der-gruftwaechter,Kafka,1917,,0.01143170471083275
kaiser-die-koralle,Kaiser,1917,Schauspiel in fünf Akten,5.4521811054033696e-05
kaiser-die-schule-des-armen,Kaiser,1847,Original-Charakterbild mit Gesang in vier Akten,0.0960875474922276
kaltneker-das-bergwerk,Kaltneker,1921,Ein Drama in drei Akten,-0.03966837410833966
kannengiesser-die-vierbeinigten-philosophen,Kannengießer,1802,Ein Trauerspiel in einem Act,0.05948773688130011
kind-der-freischuetz,Kind,1821,Romantische Oper in drei Aufzügen,-0.09192491985007885
klabund-der-kreidekreis,Klabund,1925,Spiel in fünf Akten nach dem Chinesischen,-0.06093930483764782
kleist-das-kaethchen-von-heilbronn,Kleist,1810,Ein großes historisches Ritterschauspiel,-0.10020908368453055
kleist-die-hermannsschlacht,Kleist,1808,Ein Drama,-0.15182592253424226
kleist-prinz-friedrich-von-homburg,Kleist,1810,Ein Schauspiel,-0.1428457668812782
klinger-die-neue-arria,Klinger,1776,Ein Schauspiel,-0.06434067385942377
klinger-prinz-seiden-wurm-der-reformator,Klinger,1780,Ein moralisches Drama aus dem fünften Theil des Orpheus,-0.027036492272963293
klinger-simsone-grisaldo,Klinger,1776,Ein Schauspiel in fünf Akten,-0.09545690823317184
klinger-sturm-und-drang,Klinger,1777,Ein Schauspiel,-0.026435134806083015
klopstock-hermanns-schlacht,Klopstock,1769,Ein Bardiet für die Schaubühne,-0.17009567282312069
kobell-der-roaga,Kobell,1847,,0.33947454671554644
koch-die-maennerfeindin,Koch,1803,Schauspiel in einem Aufzuge,0.012515646709220578
koerner-die-blumen,Körner,1811,Ein Spiel in Versen,-0.07290949761959178
kotzebue-das-kind-der-liebe,Kotzebue,1790,Ein Schauspiel in fünf Akten,0.05309077888034639
kotzebue-das-koestlichste,Kotzebue,1806,Schauspiel in Einem Akt,-0.20881220130326522
kotzebue-das-unsichtbare-maedchen,Kotzebue,1811,Ein Intermezzo,0.09180452474186748
kotzebue-der-arme-poet,Kotzebue,1812,Ein Schauspiel in Einem Akt,0.12560605359140173
kotzebue-der-schutzgeist,Kotzebue,1814,Eine dramatische Legende in sechs Akten nebst einem Vorspiel,-0.21544047678103015
kotzebue-graf-benjowsky,Kotzebue,1794,Ein Schauspiel in fünf Aufzügen,-0.06359631928116269
kotzebue-menschenhass-und-reue,Kotzebue,1788,Schauspiel in fünf Aufzügen,0.060215225778307714
kotzebue-ueble-laune,Kotzebue,1797,Ein Schauspiel in vier Akten,0.048853333178884475
kraus-traumstueck,Kraus,1923,,-0.09772189439087206
kupelwieser-fierrabras,Kupelwieser,1897,Heroisch-romantische Oper in drei Akten,-0.27574317133324877
lachmann-salome,Lachmann,1905,Drama in einem Aufzuge,-0.07783577406935573
larronge-hasemanns-toechter,L'Arronge,1877,Volksstück in 4 Akten,0.12720412057419653
larronge-mein-leopold,L'Arronge,1873,Volksstück in 3 Akten,0.16141594935423
lasker-schueler-die-wupper,Lasker-Schüler,1909,Schauspiel in fünf Aufzügen,0.13471351449100846
laube-die-karlsschueler,Laube,1846,,-0.005311314551313011
lautensack-medusa,Lautensack,1904,Aus den Papieren eines Mönches,0.0771895609187088
lawaetz-die-diamanten,Lawätz,1793,Ein Schauspiel in einem Aufzuge. (Wahre Geschichte.),0.05624595029942164
leisewitz-der-besuch-um-mitternacht,Leisewitz,1774,,0.018715400160739987
leisewitz-die-pfandung,Leisewitz,1774,,-0.0032323564137309766
lenz-der-englaender,Lenz,1777,Eine dramatische Phantasei,0.004149659429257797
lenz-die-soldaten,Lenz,1776,Ein Schauspiel,0.11278282533863114
lenz-pandaemonium-germanicum,Lenz,1775,Eine Skizze,0.04764562827042878
lessing-nathan-der-weise,Lessing,1779,Ein dramatisches Gedicht in fünf Aufzügen,-0.023949043869871744
lortzing-der-waffenschmied,Lortzing,1846,Komische Oper in drei Aufzügen,0.015533630956140075
lortzing-der-wildschuetz,Lortzing,1842,Komische Oper in drei Aufzügen,0.05988553726663414
lortzing-zar-und-zimmermann,Lortzing,1837,Komische Oper in drei Aufzügen,0.013791309003054674
maler-mueller-fausts-leben-dramatisiert,Maler Müller,1778,,-0.029248612394458046
maler-mueller-golo-und-genovefa,Maler Müller,1781,Ein Schauspiel in fünf Aufzügen,-0.03463006990284188
marinelli-die-ueberschwemmung,Marinelli,1775,Ein rührendes kleines Stück in einem Aufzuge,-0.0545732250005188
may-babel-und-bibel,May,1906,Arabische Fantasia in zwei Akten,-0.07176813976610373
meisl-der-lustige-fritz,Meisl,1818,Ein Märchen neuerer Zeit in zwei Aufzügen,0.08395311885908249
meisl-orpheus-und-euridice,Meisl,1813,Eine mythologische Karrikatur in zwey Acten in Knittelreimen,0.06074582204922138
moeller-sophie-oder-der-gerechte-fuerst,Möller,1777,Ein Schauspiel in drey Aufzügen,0.011735831135642081
moeser-die-tugend-auf-der-schaubuehne,Möser,1763,Ein Nachspiel in einem Aufzuge,0.1428266011765902
moritz-blunt-oder-der-gast,Moritz,1781,Ein Schauspiel in einem Aufzuge,-0.013136208929058497
mosenthal-das-goldene-kreuz,Mosenthal,1875,Oper in zwei Aufzügen,-0.04968731251650788
mosenthal-die-koenigin-von-saba,Mosenthal,1875,Oper in vier Aufzügen,-0.2860152325022549
mosenthal-die-lustigen-weiber-von-windsor,Mosenthal,1849,Komisch-phantastische Oper in drei Aufzügen,-0.012604622134186954
moser-krieg-oder-frieden,Moser,1859,Dramatische Bagatelle in einem Akt,0.18649004528815227
muehsam-judas,Mühsam,1921,Arbeiterdrama in fünf Akten,0.08654275077774881
muehsam-staatsraeson,Mühsam,1928,Ein Denkmal für Sacco und Vanzetti,0.011495393255873539
musil-die-schwaermer,Musil,1921,Schauspiel in drei Aufzügen,0.061495076802350467
nestroy-judith-und-holofernes,Nestroy,1849,Travestie in einem Akt,0.04937113047088571
neuber-die-beschuetzte-schauspielkunst,Neuber,1736,,-0.02007789670546571
neuber-die-verehrung-der-vollkommenheit,Neuber,1737,,-0.02993843811687807
neuber-ein-deutsches-vorspiel,Neuber,1734,,-0.043660752952664056
pappenheim-frauenrecht,Pappenheim,1899,Schauspiel in drei Aufzügen,0.09062649123985758
pelzel-apolls-gericht-oder-das-bestrafte-vorurtheil-vindebonens,Pelzel,1769,Ein allegorisches Drama in einem Akte von einem Wiener,-0.1159586774751173
pfeffel-der-schatz,Pfeffel,1761,Ein Schäferspiel von einem Aufzuge,-0.13186555177036924
pfeffel-vorspiel-ueber-die-buergerliche-tragoedie,Pfeffel,1764,,0.08640318657452975
rache-belsazar,Raché,1904,Drama in 1 Akt,-0.14153676867090365
raimund-das-maedchen-aus-der-feenwelt,Raimund,1826,Romantisches Original-Zaubermärchen mit Gesang in drei Aufzügen,0.04631676456315279
raimund-der-alpenkoenig-und-der-menschenfeind,Raimund,1828,Romantisch-komisches Original-Zauberspiel in zwei Aufzügen,0.02528153916301656
raimund-der-diamant-des-geisterkoenigs,Raimund,1824,Zauberspiel in zwei Aufzügen,0.04466159711692818
raimund-der-verschwender,Raimund,1834,Original-Zaubermärchen in drei Aufzügen,0.0286882987515144
raimund-die-gefesselte-phantasie,Raimund,1828,Original-Zauberspiel in zwei Aufzügen,-0.06638444431825101
raimund-die-unheilbringende-zauberkrone,Raimund,1829,Tragisch-komisches Original-Zauberspiel in zwei Aufzügen,-0.0834469814338947
raimund-moisasurs-zauberfluch,Raimund,1827,Original-Zauberspiel in zwei Aufzügen,-0.09117109446236876
rambach-die-kuhpocken,Rambach,1802,Ein Familiengemälde in einem Akt,0.08536473455993547
raupach-agnes-von-hohenstaufen,Raupach,1829,Große historisch-romantische Oper in 3 Aufzügen,-0.29343090817666256
raupach-der-bettler,Raupach,1829,Schauspiel in einem Aufzuge,0.028961760377800804
raupach-der-platzregen-als-eheprokurator,Raupach,1829,Eine dramatisirte Anekdote in zwei Aufzügen,0.15081470007558756
reil-der-erste-may,Reil,1816,"Ein Frühlingsgemählde nаch wahren Vorfällen entworfen, in einem Aufzuge",-0.08132293322237082
reinick-genoveva,Reinick,1850,Oper in vier Akten,-0.14894163421070866
riese-martha,Riese,1847,Romantisch-Komische Oper in vier Aufzügen,-0.09578446925012395
rilke-ohne-gegenwart,Rilke,1898,Drama in zwei Akten,0.08624401695884973
roeber-koenig-manfred,Roeber,1867,Oper in fünf Akten,-0.25717531177537795
rosenow-die-im-schatten-leben,Rosenow,1899,Drama in vier Akten,0.16532384680566317
rubiner-die-gewaltlosen,Rubiner,1919,Drama in vier Akten,-0.0905555036367564
scheerbart-das-dumme-luder,Scheerbart,1904,Ein Jupiter-Drama,0.11310305706423274
scheerbart-das-mirakel,Scheerbart,1904,Eine dramatische Szene,0.03310759808255625
scheerbart-der-alte-petrus,Scheerbart,1904,Ein himmlisches Schauspiel,0.03112475267545396
scheerbart-der-fanatische-buergermeister,Scheerbart,1904,Kosmisches Drama in vier Akten,0.02867457680471293
scheerbart-der-regierungswechsel,Scheerbart,1897,Ein politisches Drama,0.07774251327457592
scheerbart-der-vornehme-raeuberhauptmann,Scheerbart,1904,Ein Bühnenspass in drei Aufzügen,0.19475159326661654
scheerbart-der-wetterfuerst,Scheerbart,1904,Ein Schauspiel zwischen hohen Bergen,-0.06049379888665405
scheerbart-die-lustigen-raeuber,Scheerbart,1904,Ein Schauspiel in fünf Akten,0.12378822364203404
scheerbart-die-puppe-und-die-dauerwurst,Scheerbart,1897,Ein soziales Drama,0.07089210827845396
scheerbart-die-urgrossmutter,Scheerbart,1904,Eine Tragi-Komödie in einem Aufzuge,0.03206405336291307
scheerbart-die-welt-geht-unter,Scheerbart,1904,Ein Tableau,0.14431597995554055
scheerbart-die-wurzeln-der-wohlhabenheit,Scheerbart,1904,Ein schildbürgerliches Schauspiel in fünf Akten,0.0003905683986168809
scheerbart-lachende-gespenster,Scheerbart,1904,Ein Schauspiel zwischen schwarzen Wänden in einem Aufzuge,0.07098195065035752
scheerbart-ruebezahl,Scheerbart,1904,Schauspiel in fünf Aufzügen,0.05393431083029891
schikaneder-die-zauberfloete,Schikaneder,1791,Große Oper in zwey Aufzügen,-0.0755211128435211
schiller-die-piccolomini,Schiller,1799,In fünf Aufzügen,-0.10179345062728469
schiller-die-raeuber,Schiller,1781,Ein Schauspiel,-0.10009608190231913
schiller-don-carlos-infant-von-spanien,Schiller,1787,Ein dramatisches Gedicht,-0.07498644728114513
schiller-wallensteins-lager,Schiller,1798,,-0.05842359334655245
schiller-wilhelm-tell,Schiller,1804,Schauspiel,-0.18914915706324922
schink-hanswurst-von-salzburg-mit-dem-hoelzernen-gat,Schink,1778,Historisch Schauspiel in drei Aufzügen,0.004051806600536186
schlaf-meister-oelze,Schlaf,1892,Drama in drei Aufzügen,0.2597481545774797
schlegel-jon,Schlegel,1802,Schauspiel in fünf Aufzügen,-0.18682326338532504
schmetzer-deutschland-und-seine-feinde,Schmetzer,1915,Ein Bühnenfestspiel für unsere Zeit des Kampfes und Sieges,-0.1373464758086317
schnitzer-der-zigeunerbaron,Schnitzer,1885,Operette in 3 Acten,-0.09201852814029017
schnitzler-anatol,Schnitzler,1893,,0.10028106027641527
schnitzler-anatols-groessenwahn,Schnitzler,1891,,0.11347980377728666
schnitzler-das-weite-land,Schnitzler,1910,Tragikomödie in fünf Akten,0.14468850326179178
schnitzler-der-einsame-weg,Schnitzler,1904,Schauspiel in fünf Akten,0.09252935348575332
schnitzler-der-puppenspieler,Schnitzler,1903,Studie in einem Aufzug,0.06517726852981462
schnitzler-der-tapfere-cassian,Schnitzler,1904,Puppenspiel in einem Akt,0.022252614994463692
schnitzler-die-frau-mit-dem-dolche,Schnitzler,1902,Schauspiel in einem Akt,-0.030969639178652315
schnitzler-die-letzten-masken,Schnitzler,1902,Schauspiel in einem Akt,0.1497703872336627
schnitzler-lebendige-stunden,Schnitzler,1902,Ein Akt,0.12761368876990126
schnitzler-liebelei,Schnitzler,1895,Schauspiel in drei Akten,0.13036064008903472
schnitzler-reigen,Schnitzler,1903,,0.13981110302469224
schober-alfonso-und-estrella,Schober,1854,Romantische Oper in drei Akten,-0.2575330043582028
schoenherr-der-weibsteufel,Schönherr,1914,Drama in fünf Akten,0.07454023038899775
schouwaert-die-ueberschwemmung,Schouwärt,1784,Ein Schauspiel in drey Akten,0.026322601841826488
schroeder-der-vetter-in-lissabon,Schröder,1784,Ein bürgerliches Familiengemälde in drei Aufzügen,0.050505336664400394
simrock-doctor-johannes-faust,Simrock,1846,Puppenspiel in vier Aufzügen,0.01877644590121906
soden-doktor-faust,Soden,1797,Volks-Schauspiel in fünf Akten,-0.15439051867216164
sonnleithner-dir-wie-mir,Sonnleithner,1808,Eine dramatische Kleinigkeit in einem Akt,0.13419969126421422
sonnleithner-fidelio,Sonnleithner,1805,Oper in zwei Aufzügen,-0.0908723166481567
sorge-der-bettler,Sorge,1912,Eine dramatische Sendung,-0.012196620373058195
sorge-der-sieg-des-christos,Sorge,1924,Eine Vision dargestellt in dramatischen Bildern,-0.18721551941477182
sorge-odysseus,Sorge,1911,Dramatische Phantasie,-0.2153473389003126
spiess-klara-von-hoheneichen,Spieß,1790,Ritterschauspiel aus dem funfzehnten Jahrhunderte in vier Aufzügen,-0.10305298208560605
stavenhagen-mudder-mews,Stavenhagen,1904,Niederdeutsches Drama in 5 Akten,0.28175091435444066
stephanie-der-schauspieldirektor,Stephanie,1786,Ein Gelegenheitsstück in einem Aufzuge,0.10573596137447804
stephanie-die-entfuehrung-aus-dem-serail,Stephanie,1782,Ein Singspiel in drey Aufzügen,-0.012376813359928874
stephanie-die-liebe-im-narrenhause,Stephanie,1787,Eine komische Oper in zwey Aufzügen,0.06718691039082644
stephanie-doktor-und-apotheker,Stephanie,1786,Komische Oper in zwei Aufzügen,0.0810092654073759
stramm-die-haidebraut,Stramm,1914,,-0.1074189586011816
stramm-erwachen,Stramm,1914,,-0.0033837483129500134
stramm-geschehen,Stramm,1915,,-0.23182145631461526
stramm-kraefte,Stramm,1915,,0.014031630444519008
stramm-rudimentaer,Stramm,1914,,0.25287124240963804
stramm-sancta-susanna,Stramm,1914,Ein Gesang der Mainacht,-0.11391753780514727
sudermann-die-ehre,Sudermann,1889,Schauspiel in vier Akten,0.06771437954027806
sudermann-heimat,Sudermann,1893,Schauspiel in vier Akten,0.10223701402798266
sudermann-stein-unter-steinen,Sudermann,1905,Schauspiel in vier Akten,0.16003671973857608
thoma-magdalena,Thoma,1912,Ein Volksstück in drei Aufzügen,0.515766647078282
tieck-der-gestiefelte-kater,Tieck,1797,"Ein Kindermärchen in drei Akten, mit Zwischenspielen, einem Prologe und Epiloge",0.060735261966658814
tieck-die-verkehrte-welt,Tieck,1800,Ein historisches Schauspiel in fünf Aufzügen,0.04569877255324868
tieck-ritter-blaubart,Tieck,1797,Ein Ammenmärchen in vier Akten,0.025529622563498902
toller-masse-mensch,Toller,1920,Ein Stück aus der sozialen Revolution des 20. Jahrhunderts,-0.1786530635763939
uhland-ludwig-der-bayer,Uhland,1819,Schauspiel in fünf Aufzügen,-0.20438204786774897
wagner-das-rheingold,Wagner,1853,,-0.17995453089444202
wagner-der-fliegende-hollaender,Wagner,1843,,-0.16118375633715792
wagner-die-meistersinger-von-nuernberg,Wagner,1868,,-0.07537929978813711
wagner-die-reue-nach-der-that,Wagner,1775,,0.0766299385446028
wagner-die-walkuere,Wagner,1853,,-0.2524411204581248
wagner-goetterdaemmerung,Wagner,1853,,-0.24391846214736299
wagner-lohengrin,Wagner,1850,Romantische Oper in drei Aufzügen,-0.23199649051068189
wagner-parsifal,Wagner,1877,Ein Bühnenweihfestspiel,-0.24098693344712407
wagner-siegfried,Wagner,1853,,-0.18566017007382843
wagner-tannhaeuser,Wagner,1845,Große romantische Oper in drei Akten,-0.2654136556271686
wagner-tristan-und-isolde,Wagner,1859,,-0.23549094423248132
wagner-voltaire-am-abend-seiner-apotheose,Wagner,1778,Aus dem Französischen,0.07882864333948193
wallenrodt-noch-jemands-ankunft-auf-st-helena,Wallenrodt,1816,Nachspiel in Einem Akt,-0.0614413007753381
wedekind-der-kammersaenger,Wedekind,1899,,0.09345288099005136
wedekind-der-marquis-von-keith,Wedekind,1900,Schauspiel in fünf Aufzügen,0.0810218043240362
wedekind-die-zensur,Wedekind,1908,Theodizee in einem Akt,0.007460819288295007
wedekind-franziska,Wedekind,1912,Ein modernes Mysterium in fünf Akten,0.025305803118842875
wedekind-hidalla,Wedekind,1904,Schauspiel in fünf Akten,0.08621832296309627
wedekind-koenig-nicolo,Wedekind,1902,Schauspiel in drei Aufzügen und neun Bildern mit einem Prolog,-0.1119291271247623
wedekind-musik,Wedekind,1908,Sittengemälde in vier Bildern,0.051160506585714444
wedekind-tod-und-teufel,Wedekind,1906,Drei Szenen,0.01510841981786326
weidmann-der-dorfbarbier,Weidmann,1796,Komische Oper in einem Akt,0.039912979442121604
weidmann-der-selbstmord-oder-der-unglueckliche-lottospieler,Weidmann,1773,Ein deutsches Originaldrama in Prosa von einem Aufzuge,-0.028959260577278326
weidmann-johann-faust,Weidmann,1775,Ein Allegorisches Drama von fünf Aufzügen,-0.10763530807346487
weisse-die-jagd,Weiße,1770,Eine komische Oper in drey Aufzügen,0.06607786662699261
weisse-die-ueberschwemmung-oder-die-edelmuethige-eifersucht,Weiße,1791,Ein Schauspiel von Einem Aufzuge,0.005302225158034108
weissenthurn-die-schwestern-st-janvier,Weißenthurn,1821,Schauspiel in fünf Aufzügen,-0.16699307466054497
weissenthurn-johann-herzog-von-finnland,Weißenthurn,1811,"Schauspiel in fünf Aufzügen, nach der Geschichte, mit den nöthigen theatralischen Änderungen",-0.15906980774642318
wette-haensel-und-gretel,Wette,1893,Märchenspiel in drei Bildern,-0.02704376198175235
widmann-der-widerspenstigen-zaehmung,Widmann,1874,Komische Oper in vier Akten,-0.04964717894834119
wieland-alceste,Wieland,1773,Ein Singspiel in fünf Aufzügen,-0.20635100232874223
wieland-klementina-von-porretta,Wieland,1760,Ein Drama aus Richardsons Geschichte Sir Karl Grandisons gezogen,0.05597373254056423
wilbrandt-der-meister-von-palmyra,Wilbrandt,1889,Dramatische Dichtung in fünf Aufzügen,-0.1576141400084746
wildenbruch-die-haubenlerche,Wildenbruch,1890,Schauspiel in vier Akten,0.1606432328277356
wildenbruch-die-quitzows,Wildenbruch,1888,Schauspiel in vier Akten,-0.041254543196240355
wildgans-in-ewigkeit-amen,Wildgans,1913,Ein gerichtliches Vorspiel in einem Akt,0.17881464387787163
wohlbrueck-der-vampyr,Wohlbrück,1828,Romantische Oper in vier Aufzügen,-0.12985895449754184
wolf-cyankali,Wolf,1929,Ein Schauspiel,0.07124363615310082
wolf-professor-mamlock,Wolf,1934,Ein Schauspiel,0.0467012849903024
wolfram-faust,Wolfram,1839,Ein dramatisches Gedicht in drei Abschnitten,-0.1733244274857961
wolzogen-der-leukadische-fels,Wolzogen,1792,Ein Schauspiel,-0.26875338928131903
ziese-siebenstein,Ziese,1932,Drama,0.1499513549362677
zschokke-abellino,Zschokke,1795,Schauspiel in fünf Aufzügen,-0.14975334144462726
zweig-jeremias,Zweig,1917,Eine dramatische Dichtung in neun Bildern,-0.18469648903849967
